{
	"format_version": "1.8.0",
	"animations": {
		"animation.crawler.hurt": {
			"animation_length": 0.5,
			"bones": {
				"LeftArm": {
					"rotation": {
						"0.0": {
							"vector": [0, 0, 0]
						},
						"0.125": {
							"vector": [-17.52154, 7.49282, -0.32902]
						},
						"0.25": {
							"vector": [-5.10759, 0.10498, -1.62501]
						},
						"0.375": {
							"vector": [-17.52154, 7.49282, -0.32902]
						},
						"0.5": {
							"vector": [0, 0, 0]
						}
					}
				},
				"Jaw": {
					"rotation": {
						"0.0": {
							"vector": [0, 0, 0]
						},
						"0.125": {
							"vector": [7.5, 0, 0]
						},
						"0.25": {
							"vector": [-5, 0, 0]
						},
						"0.375": {
							"vector": [7.5, 0, 0]
						},
						"0.5": {
							"vector": [0, 0, 0]
						}
					}
				},
				"RightArm": {
					"rotation": {
						"0.0": {
							"vector": [0, 0, 0]
						},
						"0.125": {
							"vector": [10.17458, -6.92618, -2.88419]
						},
						"0.25": {
							"vector": [-17.50807, 2.13124, 1.35829]
						},
						"0.375": {
							"vector": [10.17458, -6.92618, -2.88419]
						},
						"0.5": {
							"vector": [0, 0, 0]
						}
					}
				},
				"headgroup": {
					"rotation": {
						"0.0833": {
							"vector": [0, 0, 0]
						},
						"0.125": {
							"vector": [-4.99527, -0.21782, -2.4905]
						},
						"0.1667": {
							"vector": [-4.77369, -1.50512, -17.43686]
						},
						"0.2083": {
							"vector": [-5.00277, -0.00773, 0]
						},
						"0.25": {
							"vector": [-4.88422, 1.07112, 12.45388]
						},
						"0.2917": {
							"vector": [-2.49564, -0.01019, 0]
						},
						"0.3333": {
							"vector": [0, 0, 0]
						}
					}
				}
			}
		}
	},
	"geckolib_format_version": 2
}
