{
	"format_version": "1.8.0",
	"animations": {
		"animation.model.idle": {
			"loop": true,
			"animation_length": 1,
			"bones": {
				"model": {
					"rotation": {
						"0.0": {
							"vector": [0, 0, 0]
						},
						"0.3333": {
							"vector": [0, 0, -5]
						},
						"0.6667": {
							"vector": [0, 0, 5]
						},
						"1.0": {
							"vector": [0, 0, 0]
						}
					}
				},
				"leftarmarm": {
					"rotation": {
						"0.0": {
							"vector": [0, 0, 0]
						},
						"0.125": {
							"vector": [0, 0, 0]
						},
						"0.2917": {
							"vector": [0, 0, 12.5]
						},
						"0.4167": {
							"vector": [0, 0, 0]
						}
					}
				},
				"backarm1": {
					"rotation": {
						"0.0": {
							"vector": [0, 0, 0]
						},
						"0.25": {
							"vector": [2.5, -7.5, 0]
						},
						"0.5": {
							"vector": [36.23458, -10.42048, -6.51519]
						},
						"0.75": {
							"vector": [30.5643, 1.7543, 2.28898]
						},
						"1.0": {
							"vector": [0, 0, 0]
						}
					}
				},
				"backarm2": {
					"rotation": {
						"0.0": {
							"vector": [0, 0, 0]
						},
						"0.2917": {
							"vector": [14.65993, -3.21132, 12.08681]
						},
						"0.5": {
							"vector": [13.65008, -6.2784, 24.25085]
						},
						"0.75": {
							"vector": [2.45905, -4.3797, 8.14466]
						},
						"1.0": {
							"vector": [0, 0, 0]
						}
					}
				},
				"backarm3": {
					"rotation": {
						"0.0": {
							"vector": [0, 0, 0]
						},
						"0.2917": {
							"vector": [-0.66178, -9.95679, 22.58621]
						},
						"0.7083": {
							"vector": [-11.10228, 0.58208, -7.3324]
						},
						"1.0": {
							"vector": [0, 0, 0]
						}
					}
				},
				"head1": {
					"rotation": {
						"0.0": {
							"vector": [12.5, 0, 0]
						},
						"0.4583": {
							"vector": [12.5, 0, 0]
						},
						"0.5": {
							"vector": [12.31594, 2.15393, -9.76758]
						},
						"0.5417": {
							"vector": [12.39638, -1.61888, 7.32417]
						},
						"0.5833": {
							"vector": [12.5, 0, 0]
						},
						"1.0": {
							"vector": [12.5, 0, 0]
						}
					}
				},
				"jaw": {
					"relative_to": {
						"rotation": "entity"
					},
					"rotation": {
						"0.0": {
							"vector": [10, 0, 0]
						},
						"0.3333": {
							"vector": [22.5, 0, 0]
						},
						"1.0": {
							"vector": [10, 0, 0]
						}
					}
				},
				"head2": {
					"rotation": {
						"0.0": {
							"vector": [0, 0, 0]
						},
						"0.2917": {
							"vector": [35, 0, 0]
						},
						"0.375": {
							"vector": [25.71703, -3.26961, 6.75346]
						},
						"0.4583": {
							"vector": [16.40288, 3.94075, -16.30962]
						},
						"0.5417": {
							"vector": [7.43, 0, 0]
						},
						"0.7917": {
							"vector": [-15, 0, 0]
						},
						"0.9167": {
							"vector": [10, 0, 0]
						},
						"1.0": {
							"vector": [0, 0, 0]
						}
					}
				},
				"jaw2": {
					"rotation": {
						"0.0": {
							"vector": [0, 0, 0]
						},
						"0.2917": {
							"vector": [-27.5, 0, 0]
						},
						"0.5": {
							"vector": [0, 0, 0]
						},
						"0.7917": {
							"vector": [5, 0, 0]
						},
						"0.9167": {
							"vector": [-10, 0, 0]
						},
						"1.0": {
							"vector": [0, 0, 0]
						}
					}
				}
			}
		}
	},
	"geckolib_format_version": 2
}