{
	"format_version": "1.8.0",
	"animations": {
		"animation.model.walk": {
			"loop": true,
			"animation_length": 1,
			"bones": {
				"model": {
					"rotation": {
						"0.0": {
							"vector": [0, 0, 0]
						},
						"0.25": {
							"vector": [-9.91615, -1.29876, -7.38733]
						},
						"0.5": {
							"vector": [0, 0, 7.5]
						},
						"0.75": {
							"vector": [9.91615, 1.29876, -7.38733]
						},
						"1.0": {
							"vector": [0, 0, 0]
						}
					}
				},
				"backarm1": {
					"rotation": {
						"0.0": {
							"vector": [0, 0, 0]
						},
						"0.25": {
							"vector": [0, -25, 0]
						},
						"0.5": {
							"vector": [0, 25, 0]
						},
						"0.75": {
							"vector": [0, -17.5, 0]
						},
						"1.0": {
							"vector": [0, 0, 0]
						}
					}
				},
				"rightarm": {
					"rotation": {
						"0.0": {
							"vector": [0, 0, 0]
						},
						"0.2917": {
							"vector": [25, 0, 0]
						},
						"0.7083": {
							"vector": [-25, 0, 0]
						},
						"1.0": {
							"vector": [0, 0, 0]
						}
					}
				},
				"rightarm2": {
					"rotation": {
						"0.0": {
							"vector": [0, 0, 0]
						},
						"0.2917": {
							"vector": [17.5, 0, 0]
						},
						"0.7083": {
							"vector": [-10, 0, 0]
						},
						"1.0": {
							"vector": [0, 0, 0]
						}
					}
				},
				"leftarm": {
					"rotation": {
						"0.0": {
							"vector": [0, 0, 0]
						},
						"0.2917": {
							"vector": [-25, 0, 0]
						},
						"0.7083": {
							"vector": [25, 0, 0]
						},
						"1.0": {
							"vector": [0, 0, 0]
						}
					}
				},
				"backarm2": {
					"rotation": {
						"0.0": {
							"vector": [0, 0, 0]
						},
						"0.25": {
							"vector": [17.25002, -2.99318, 9.54589]
						},
						"0.5": {
							"vector": [21.7952, -12.1488, -9.63829]
						},
						"0.75": {
							"vector": [-9.68367, 1.65291, 3.96803]
						},
						"1.0": {
							"vector": [0, 0, 0]
						}
					}
				},
				"backarm3": {
					"rotation": {
						"0.0": {
							"vector": [0, 0, 0]
						},
						"0.25": {
							"vector": [-4.60659, -14.2906, 18.07779]
						},
						"0.5": {
							"vector": [20.26576, -27.90639, 29.2057]
						},
						"0.75": {
							"vector": [-4.54493, -21.53817, 3.65441]
						},
						"1.0": {
							"vector": [0, 0, 0]
						}
					}
				},
				"head1": {
					"rotation": {
						"0.0": {
							"vector": [0, 0, 0]
						},
						"0.25": {
							"vector": [-10, 0, -5]
						},
						"0.5": {
							"vector": [9.98253, -3.13057, 4.63196]
						},
						"0.75": {
							"vector": [8.91313, 1.42538, -4.99466]
						},
						"1.0": {
							"vector": [0, 0, 0]
						}
					}
				},
				"jaw": {
					"rotation": {
						"0.0": {
							"vector": [0, 0, 0]
						},
						"0.25": {
							"vector": [-7.5, 0, 0]
						},
						"0.5": {
							"vector": [5, 0, 0]
						},
						"0.75": {
							"vector": [5.019, 4.98093, 0.43688]
						},
						"1.0": {
							"vector": [0, 0, 0]
						}
					}
				},
				"head2": {
					"rotation": {
						"0.0": {
							"vector": [0, 0, 0]
						},
						"0.25": {
							"vector": [-10, 0, 0]
						},
						"0.5": {
							"vector": [-4.91615, 1.29876, 7.38733]
						},
						"0.75": {
							"vector": [-5.10788, -4.99615, -7.10885]
						},
						"1.0": {
							"vector": [0, 0, 0]
						}
					}
				},
				"jaw2": {
					"rotation": {
						"0.0": {
							"vector": [0, 0, 0]
						},
						"0.25": {
							"vector": [-2.5, 0, 0]
						},
						"0.5": {
							"vector": [0, 0, 0]
						},
						"0.75": {
							"vector": [-2.5, 0, 0]
						},
						"1.0": {
							"vector": [0, 0, 0]
						}
					}
				},
				"leftleg": {
					"rotation": {
						"0.0": {
							"vector": [0, 0, 0]
						},
						"0.2917": {
							"vector": [25, 0, 0]
						},
						"0.7083": {
							"vector": [-25, 0, 0]
						},
						"1.0": {
							"vector": [0, 0, 0]
						}
					}
				},
				"rightleg": {
					"rotation": {
						"0.0": {
							"vector": [0, 0, 0]
						},
						"0.2917": {
							"vector": [-25, 0, 0]
						},
						"0.7083": {
							"vector": [25, 0, 0]
						},
						"1.0": {
							"vector": [0, 0, 0]
						}
					}
				},
				"rightleg2": {
					"rotation": {
						"0.0": {
							"vector": [0, 0, 0]
						},
						"0.2917": {
							"vector": [17.5, 0, 0]
						},
						"0.7083": {
							"vector": [-12.5, 0, 0]
						},
						"1.0": {
							"vector": [0, 0, 0]
						}
					}
				}
			}
		}
	},
	"geckolib_format_version": 2
}