{
	"format_version": "1.8.0",
	"animations": {
		"animation.crawler.walk": {
			"loop": true,
			"animation_length": 0.625,
			"bones": {
				"LeftArm": {
					"rotation": {
						"0.0": {
							"vector": [0, 0, 0]
						},
						"0.0833": {
							"vector": [5.0175, 2.3491, 0.8555]
						},
						"0.1667": {
							"vector": [6.1755, 18.7478, 7.1012]
						},
						"0.25": {
							"vector": [11.0023, 30.6683, 12.5297]
						},
						"0.3333": {
							"vector": [-17.85122, 43.73357, 9.61834]
						},
						"0.4583": {
							"vector": [-23.3321, 6.5351, 14.7086]
						},
						"0.625": {
							"vector": [0, 0, 0]
						}
					}
				},
				"Jaw": {
					"rotation": {
						"0.0": {
							"vector": [0, 0, 0]
						},
						"0.1667": {
							"vector": [12.5, 0, 0]
						},
						"0.3333": {
							"vector": [0, 0, 0]
						},
						"0.4583": {
							"vector": [12.5, 0, 0]
						},
						"0.5833": {
							"vector": [0, 0, 0]
						}
					}
				},
				"RightArm": {
					"rotation": {
						"0.0": {
							"vector": [0, 0, 0]
						},
						"0.0833": {
							"vector": [5.01754, -2.34914, -0.85553]
						},
						"0.1667": {
							"vector": [6.17551, -18.74782, -7.1012]
						},
						"0.25": {
							"vector": [11.00234, -30.66833, -12.52974]
						},
						"0.3333": {
							"vector": [-17.85126, -43.73357, -9.61837]
						},
						"0.4583": {
							"vector": [-23.33207, -6.53513, -14.70858]
						},
						"0.625": {
							"vector": [0, 0, 0]
						}
					}
				},
				"headgroup": {
					"rotation": {
						"0.0": {
							"vector": [0, 0, 0]
						},
						"0.1667": {
							"vector": [-7.47178, -0.65182, -4.95744]
						},
						"0.4167": {
							"vector": [-7.32193, 1.62008, 12.3939]
						},
						"0.625": {
							"vector": [0, 0, 0]
						}
					}
				}
			}
		}
	},
	"geckolib_format_version": 2
}